CREATE DATABASE  IF NOT EXISTS `sr`;
USE `sr`;

DROP TABLE IF EXISTS `site`;
CREATE TABLE `site` (
  `site_id` int(11) NOT NULL AUTO_INCREMENT,
  `site_name` varchar(60) NOT NULL,
  `locale` varchar(20) NOT NULL,
  `created_at` datetime NOT NULL DEFAULT CURRENT_TIMESTAMP,
  `status` varchar(10) NOT NULL,
  PRIMARY KEY (`site_id`),
  UNIQUE KEY `site_name_UNIQUE` (`site_name`)
);

INSERT INTO `site` VALUES (1,'English','english','2018-04-06 00:00:00','active'),(2,'French','french','2018-04-17 11:41:45','active');

DROP TABLE IF EXISTS `page`;
CREATE TABLE `page` (
  `id` int(11) NOT NULL AUTO_INCREMENT,
  `pageName` varchar(45) NOT NULL,
  `page_title` varchar(50) DEFAULT NULL,
  `title` varchar(50) DEFAULT NULL,
  `heading1` varchar(50) DEFAULT NULL,
  `heading2_black` varchar(50) DEFAULT NULL,
  `heading2_white` varchar(50) DEFAULT NULL,
  `heading3` text,
  `site_id` int(11) NOT NULL,
  `status` varchar(15) DEFAULT NULL,
  PRIMARY KEY (`id`)
) ENGINE=InnoDB AUTO_INCREMENT=11;

INSERT INTO `page` VALUES (1,'home','Spot the risk','Spot the risk','Heading 1','Heading 2','','',1,'active'),(2,'quiz','Spot the risk','Play Spot the Risk','Welcome to...','SPOT THE RISK','TRAVEL CHALLENGE','We think we all know the basics of travel safety. But what about the risks you don\'t think about? The little events that can quickly turn into a big problem.',1,'active'),(3,'app','Get the App','Get the App','Get the App','INTERNATIONAL SOS ASSISTANCE APP','','The Assistance App',1,'active'),(4,'about-us','About Us','About International SOS','About','INTERNATIONAL SOS',NULL,'Every day millions of International SOS members put their trust in us to provide solutions that help them wherever they live or travel, 24 hours a day, 365 days a year.',1,'active'),(5,'leaderboard','Leaderboard','Leaderboard','Spot the Risk','LEADERBOARD',NULL,'',1,'active'),(6,'home','Repérer le risque',NULL,NULL,NULL,NULL,NULL,2,'active'),(7,'quiz','Repérer le risque','Jouer repérer le risque','Bienvenue à...','SPOT LE RISQUE','DÉFI DE VOYAGE','Nous pensons que nous connaissons tous les bases de la sécurité des déplacements. Mais qu\\\'en est-il des risques auxquels vous ne pensez pas? Les petits événements qui peuvent rapidement se transformer en un gros problème.',2,'active'),(8,'app','Obtenir l\'application','Obtenir l\'application','Obtenir l\'application','APP SOS ASSISTANCE INTERNATIONALE',NULL,'L\'application d\'assistance',2,'active'),(9,'about-us','À propos de nous','A propos de International SOS','A propos de','INTERNATIONAL SOS',NULL,'Chaque jour, des millions de membres SOS internationaux nous font confiance pour proposer des solutions qui les aident partout où ils vivent ou voyagent, 24 heures sur journée, 365 jours par an.',2,'active'),(10,'leaderboard','Classement','Classement','Repérer le risque','CLASSEMENT',NULL,NULL,2,'active');

DROP TABLE IF EXISTS `info`;
CREATE TABLE `info` (
  `id` int(11) NOT NULL AUTO_INCREMENT,
  `text_id` int(11) DEFAULT NULL,
  `text` text,
  `page_id` int(11) DEFAULT NULL,
  `site_id` int(11) DEFAULT NULL,
  PRIMARY KEY (`id`)
) ENGINE=InnoDB AUTO_INCREMENT=18;

INSERT INTO `info` VALUES (1,1,'',1,1),(2,1,'Play \'Spot the Risk!\' to see if you travel as safely as you thought. Take the quiz and submit your score for a chance to win. The top scorers will be entered into a random prize draw for a gift card from Amazon or Target worth 200 USD.',2,1),(3,2,'Learn some astonishing facts along the way and see how the International SOS App could help you in your travels.',2,1),(4,1,'When you are on the move the App is an essential tool to help you make the most of your International SOS membership.',3,1),(5,2,'By providing unprecedented access to International SOS logistics, medical and security advice and capabilities you can get essential travel help when you need it.',3,1),(6,1,'Through our worldwide network of assistance centres, clinics, health and logistics providers, we offer local expertise, preventative advice and emergency assistance during critical illness, accident, or civil unrest. With over 10,000 employees working in 70 countries we work in partnership with businesses, governments and NGOs to offer international standards of medical care.',4,1),(7,1,'Knowledgeable of food and water safety (piece of cake), experts at packing and always wearing their seat belts, see the best Riskspotters below.',5,1),(8,1,'',1,2),(9,1,'Jouer \'repérer le risque!\' pour voir si vous voyagez aussi prudemment que vous le pensiez. Répondez au quiz et soumettez votre score pour avoir une chance de gagner. Les meilleurs buteurs seront inscrits à un tirage au sort aléatoire pour une carte-cadeau d\'Amazon ou Target d\'une valeur de 200 USD.',2,2),(10,2,'Apprenez quelques faits étonnants en cours de route et découvrez comment l\'application internationale SOS pourrait vous aider dans vos voyages.',2,2),(11,1,'Lorsque vous êtes en déplacement l\'App est un outil essentiel pour vous aider à tirer le meilleur parti de votre adhésion International SOS.',3,2),(12,2,'En offrant un accès sans précédent à la logistique internationale SOS, à des conseils et des capacités médicales et de sécurité, vous pouvez obtenir une aide de voyage essentielle lorsque vous en avez besoin.',3,2),(13,1,'Grâce à notre réseau mondial de centres d\'assistance, de cliniques, de fournisseurs de soins de santé et de logistique, nous offrons une expertise locale, des conseils préventifs et une aide d\'urgence en cas de maladie grave, d\'accident ou de troubles civils. Avec plus de 10 000 employés travaillant dans 70 pays, nous travaillons en partenariat avec des entreprises, des gouvernements et des ONG pour offrir des normes internationales de soins médicaux.',4,2),(14,1,'Connaissant la sécurité des aliments et de l\'eau (morceau de gâteau), les experts de l\'emballage et toujours porter leur ceinture de sécurité, voir les meilleurs Riskspotters ci-dessous.',5,2);

DROP TABLE IF EXISTS `link`;
CREATE TABLE `link` (
  `id` int(11) NOT NULL AUTO_INCREMENT,
  `title` varchar(300) DEFAULT NULL,
  `linkText` text,
  `linkSrc` text,
  `target` varchar(45) DEFAULT NULL,
  `pageid` int(11) NOT NULL,
  PRIMARY KEY (`id`)
);

INSERT INTO `link` VALUES (1,'Find out more','Find out more','/quiz','_self',1),(2,'Find out more','Find out more','/about-us','_self',1),(3,'Download the App','Download the App','http://app.internationalsos.com','_blank',1),(4,'Play Spot the Risk!','Play Spot the Risk!','/quiz','_self',2),(5,'Download the App','Download the App','http://app.internationalsos.com','_blank',3),(6,'Visit International SOS','Visit International SOS','http://www.internationalsos.com/en/','_blank',4),(7,'Play Spot the Risk!','Play Spot the Risk!','/quiz','_self',5),(8,'Download the App','Download the App','http://app.internationalsos.com','_blank',5);

DROP TABLE IF EXISTS `leaderboard`;
CREATE TABLE `leaderboard` (
  `id` int(11) NOT NULL AUTO_INCREMENT,
  `name` varchar(90) DEFAULT NULL,
  `country` varchar(45) DEFAULT NULL,
  `company` varchar(256) DEFAULT NULL,
  `email` varchar(50) DEFAULT NULL,
  `score` int(11) DEFAULT NULL,
  `total_questions` int(11) DEFAULT NULL,
  `true_questions` int(11) DEFAULT NULL,
  `time` int(11) DEFAULT NULL,
  `site_id` int(11) DEFAULT NULL,
  `agreed_comms` tinyint(1) DEFAULT NULL,
  `terms_conditions` tinyint(1) DEFAULT NULL,
  PRIMARY KEY (`id`)
);

INSERT INTO `leaderboard` VALUES (1,'Werawat Theeramoke',NULL,NULL,NULL,2898550,NULL,NULL,NULL,NULL,1,1),(2,'Rob Marshall',NULL,NULL,NULL,1142857,NULL,NULL,NULL,NULL,1,1),(3,'Eric Liu',NULL,NULL,NULL,353481,NULL,NULL,NULL,NULL,1,1),(4,'Patporn Angkanangkul',NULL,NULL,NULL,2212389,NULL,NULL,NULL,NULL,1,1),(5,'Rob Marshall',NULL,NULL,NULL,1394700,NULL,NULL,NULL,NULL,1,1),(6,'Chatchapong Tanamittram',NULL,NULL,NULL,2457002,NULL,NULL,NULL,NULL,1,1),(7,'Kairav Parikh',NULL,NULL,NULL,1128668,NULL,NULL,NULL,NULL,1,1),(8,'Komsorn Pothinalan',NULL,NULL,NULL,2551020,NULL,NULL,NULL,NULL,1,1),(9,'Kanittha Narawiriyakul',NULL,NULL,NULL,435540,NULL,NULL,NULL,NULL,1,1),(10,'Arun Lijoo John',NULL,NULL,NULL,418935,NULL,NULL,NULL,NULL,1,1);

DROP TABLE IF EXISTS `questions`;
CREATE TABLE `questions` (
  `id` int(11) NOT NULL AUTO_INCREMENT,
  `content` varchar(1000) DEFAULT NULL,
  `response` varchar(50) DEFAULT NULL,
  `site_id` int(11) NOT NULL,
  PRIMARY KEY (`id`),
  KEY `questions_site_id_fk_idx` (`site_id`),
  CONSTRAINT `questions_site_id_fk` FOREIGN KEY (`site_id`) REFERENCES `site` (`site_id`)
);

INSERT INTO `questions` VALUES (1,'You have heard there is an outbreak of typhoid fever where you are headed. Should you:',NULL,1),(2,'I have a pre-existing medical condition and take medication every day. Should I:',NULL,1),(3,'Which of the following can be very useful for your security when packing?',NULL,1),(4,'At the airport you see a driver holding up a sign with your name on it as you clear customs. Do you:',NULL,1),(5,'From a safety perspective, which room of a hotel should you pick?',NULL,1),(6,'You need to get across town for an urgent business meeting. Which transport is the best option?',NULL,1),(7,'Which type of water is safest to drink?',NULL,1),(8,'After sleeping I wake up to find I\'m covered in insect bites. What do I do?',NULL,1),(9,'When out at a bar, should you?',NULL,1),(10,'Weeks after returning home from a business trip to Asia, you notice you have lost a lot of weight. Should you?',NULL,1),(11,'Vous avez entendu dire qu\'il y a une épidémie de fièvre typhoïde où vous allez. Devrais-tu:',NULL,2),(12,'J\'ai un problème médical préexistant et je prends des médicaments tous les jours. Devrais-je:',NULL,2),(13,'Lequel des éléments suivants peut être très utile pour votre sécurité lors de l\'emballage?',NULL,2),(14,'À l\'aéroport, vous voyez un conducteur brandissant une pancarte avec votre nom dessus lorsque vous passez la douane. Le faites vous:',NULL,2),(15,'Du point de vue de la sécurité, quelle pièce d\'un hôtel devriez-vous choisir?',NULL,2),(16,'Vous devez traverser la ville pour une réunion d\'affaires urgente. Quel est le meilleur moyen de transport?',NULL,2),(17,'Quel type d\'eau est le plus sûr à boire?',NULL,2),(18,'Après le sommeil, je me réveille pour trouver que je suis couvert de piqûres d\'insectes. Que fais-je?',NULL,2),(19,'Quand sortir dans un bar, devriez-vous?',NULL,2),(20,'Des semaines après être rentré d\'un voyage d\'affaires en Asie, vous remarquez que vous avez perdu beaucoup de poids. Devrais-tu?',NULL,2);

DROP TABLE IF EXISTS `answers`;
CREATE TABLE `answers` (
  `id` int(11) NOT NULL AUTO_INCREMENT,
  `content` varchar(160) DEFAULT NULL,
  `response` text,
  `is_correct` tinyint(1) DEFAULT NULL,
  `question_id` int(11) NOT NULL,
  `site_id` int(11) NOT NULL,
  PRIMARY KEY (`id`),
  KEY `answerfk_idx` (`question_id`),
  CONSTRAINT `answerfk` FOREIGN KEY (`question_id`) REFERENCES `questions` (`id`)
);

INSERT INTO `answers` VALUES (1,'Get reflexology or a massage.','Get a professional opinion early on before any trip to a new destination.  Some vaccinations are given in courses and take several months to be effective.  Proof of Yellow Fever vaccine may be compulsory to gain entry into some countries.',0,1,1),(2,'Disregard the vaccinations—your trip is only for one week.','Get a professional opinion early on before any trip to a new destination.  Some vaccinations are given in courses and take several months to be effective.  Proof of Yellow Fever vaccine may be compulsory to gain entry into some countries.',0,1,1),(3,'Ask a friend who is in the country if it is actually a problem.','Get a professional opinion early on before any trip to a new destination.  Some vaccinations are given in courses and take several months to be effective.  Proof of Yellow Fever vaccine may be compulsory to gain entry into some countries.',0,1,1),(4,'Seek professional advice regarding your vaccine requirements.','Get a professional opinion early on before any trip to a new destination.  Some vaccinations are given in courses and take several months to be effective.  Proof of Yellow Fever vaccine may be compulsory to gain entry into some countries.',1,1,1),(5,'Pack light—just enough for the trip.','Don\'t get caught out without enough medicine. You never know if your trip will get extended. Relying on local pharmacies can be risky-they may not have your prescription and they may even stock \"fake\" medicines which is an issue in many countries.',0,2,1),(6,'It\'s OK if I run out; I can go a couple of days without it.','Don\'t get caught out without enough medicine. You never know if your trip will get extended. Relying on local pharmacies can be risky-they may not have your prescription and they may even stock \"fake\" medicines which is an issue in many countries.',0,2,1),(7,'Pack double the medication I need and bring a copy of my prescription.','Don\'t get caught out without enough medicine. You never know if your trip will get extended. Relying on local pharmacies can be risky-they may not have your prescription and they may even stock \"fake\" medicines which is an issue in many countries.',1,2,1),(8,'Rely on the local pharmacy for my supplies if I run out.','Don\'t get caught out without enough medicine. You never know if your trip will get extended. Relying on local pharmacies can be risky-they may not have your prescription and they may even stock \"fake\" medicines which is an issue in many countries.',0,2,1),(9,'A doorstopper/wedge.','A doorstopper is the lock you never knew you had. Hotel room break-ins can happen to the most seasoned business traveller, even in low risk countries. Used inside of a hotel door, a doorstopper will render the door much more secure. It\'s light and takes up so little space; it is one of our packing musts.',1,3,1),(10,'A compass.','A doorstopper is the lock you never knew you had. Hotel room break-ins can happen to the most seasoned business traveller, even in low risk countries. Used inside of a hotel door, a doorstopper will render the door much more secure. It\'s light and takes up so little space; it is one of our packing musts.',0,3,1),(11,'A corkscrew.','A doorstopper is the lock you never knew you had. Hotel room break-ins can happen to the most seasoned business traveller, even in low risk countries. Used inside of a hotel door, a doorstopper will render the door much more secure. It\'s light and takes up so little space; it is one of our packing musts.',0,3,1),(12,'An extra pillow.','A doorstopper is the lock you never knew you had. Hotel room break-ins can happen to the most seasoned business traveller, even in low risk countries. Used inside of a hotel door, a doorstopper will render the door much more secure. It\'s light and takes up so little space; it is one of our packing musts.',0,3,1),(13,'Follow the driver to his car.','In some countries travellers have been robbed or kidnapped when criminals pose as their driver at the airport. It is essential to have confirmation questions ready to ensure the person with the sign is really your driver. Before you get into any car, your driver should be able to answer-\"What is my full name?\", \"Where am I going?\" and \"Who do I work for?\". These checks will help you travel smartly.',0,4,1),(14,'Have the driver hold your bags while you get some local cash.','In some countries travellers have been robbed or kidnapped when criminals pose as their driver at the airport. It is essential to have confirmation questions ready to ensure the person with the sign is really your driver. Before you get into any car, your driver should be able to answer-\"What is my full name?\", \"Where am I going?\" and \"Who do I work for?\". These checks will help you travel smartly.',0,4,1),(15,'Ask him a few questions to ensure he is legitimate.','In some countries travellers have been robbed or kidnapped when criminals pose as their driver at the airport. It is essential to have confirmation questions ready to ensure the person with the sign is really your driver. Before you get into any car, your driver should be able to answer-\"What is my full name?\", \"Where am I going?\" and \"Who do I work for?\". These checks will help you travel smartly.',1,4,1),(16,'Ask the driver to wait while you get a coffee.','In some countries travellers have been robbed or kidnapped when criminals pose as their driver at the airport. It is essential to have confirmation questions ready to ensure the person with the sign is really your driver. Before you get into any car, your driver should be able to answer-\"What is my full name?\", \"Where am I going?\" and \"Who do I work for?\". These checks will help you travel smartly.',0,4,1),(17,'Ground floor.','Choosing a room at the rear of the hotel, between the 2nd and 6th floors is your best bet.  A floor that is too high can be a problem in a fire. Rooms on the 1st or ground floor are more apt to be broken into. The back of the hotel is normally safer in the event of an attack, which normally targets the lobby.',0,5,1),(18,'Between the 2nd and 6th floors, on the opposite side to the lobby.','Choosing a room at the rear of the hotel, between the 2nd and 6th floors is your best bet.  A floor that is too high can be a problem in a fire. Rooms on the 1st or ground floor are more apt to be broken into. The back of the hotel is normally safer in the event of an attack, which normally targets the lobby.',1,5,1),(19,'Any room on the business/executive floor.','Choosing a room at the rear of the hotel, between the 2nd and 6th floors is your best bet.  A floor that is too high can be a problem in a fire. Rooms on the 1st or ground floor are more apt to be broken into. The back of the hotel is normally safer in the event of an attack, which normally targets the lobby.',0,5,1),(20,'On the top floor.','Choosing a room at the rear of the hotel, between the 2nd and 6th floors is your best bet.  A floor that is too high can be a problem in a fire. Rooms on the 1st or ground floor are more apt to be broken into. The back of the hotel is normally safer in the event of an attack, which normally targets the lobby.',0,5,1),(21,'Book a rental car—being in control is of primary importance!','A car and driver or taxi arranged by your hotel is your best bet. When taking a taxi, sit in the back, wear a seatbelt and urge the driver to stay within the speed limits. Motorcycles and tuk tuks can be particularly hazardous. Only walk or hire a car if you are very familiar with the local conditions.',0,6,1),(22,'Take a local motorcycle taxi or tuk tuk.','A car and driver or taxi arranged by your hotel is your best bet. When taking a taxi, sit in the back, wear a seatbelt and urge the driver to stay within the speed limits. Motorcycles and tuk tuks can be particularly hazardous. Only walk or hire a car if you are very familiar with the local conditions.',0,6,1),(23,'Use a car and driver or taxi arranged by the hotel.','A car and driver or taxi arranged by your hotel is your best bet. When taking a taxi, sit in the back, wear a seatbelt and urge the driver to stay within the speed limits. Motorcycles and tuk tuks can be particularly hazardous. Only walk or hire a car if you are very familiar with the local conditions.',1,6,1),(24,'Walk to your destination.','A car and driver or taxi arranged by your hotel is your best bet. When taking a taxi, sit in the back, wear a seatbelt and urge the driver to stay within the speed limits. Motorcycles and tuk tuks can be particularly hazardous. Only walk or hire a car if you are very familiar with the local conditions.',0,6,1),(25,'Tap water.','Sparkling water is the safest bet as it is difficult to fake. In many countries bottled water is a lucrative trade; locals may try to counterfeit and bottle untreated tap water. If you buy bottled water, look for water from well-known makers in sealed containers. Alternatively, tap water can be consumed provided it is boiled for a full minute.',0,7,1),(26,'From a mountain stream.','Sparkling water is the safest bet as it is difficult to fake. In many countries bottled water is a lucrative trade; locals may try to counterfeit and bottle untreated tap water. If you buy bottled water, look for water from well-known makers in sealed containers. Alternatively, tap water can be consumed provided it is boiled for a full minute.',0,7,1),(27,'Sparkling water.','Sparkling water is the safest bet as it is difficult to fake. In many countries bottled water is a lucrative trade; locals may try to counterfeit and bottle untreated tap water. If you buy bottled water, look for water from well-known makers in sealed containers. Alternatively, tap water can be consumed provided it is boiled for a full minute.',1,7,1),(28,'Bottled water.','Sparkling water is the safest bet as it is difficult to fake. In many countries bottled water is a lucrative trade; locals may try to counterfeit and bottle untreated tap water. If you buy bottled water, look for water from well-known makers in sealed containers. Alternatively, tap water can be consumed provided it is boiled for a full minute.',0,7,1),(29,'Scratch and hope tomorrow night is more restful.','Answer is c) Before travelling, make sure you know if there are diseases spread by insects – such as malaria and/or dengue fever – at your destination. Prevention of bites is critical and you may be advised to take a medication to prevent malaria.',0,8,1),(30,'Run to the local pharmacy and get an anti-itch cream.','Answer is c) Before travelling, make sure you know if there are diseases spread by insects – such as malaria and/or dengue fever – at your destination. Prevention of bites is critical and you may be advised to take a medication to prevent malaria.',0,8,1),(31,'Knowing mosquitoes in this area can cause disease, prevent further bites and seek quality medical care if become ill.','Answer is c) Before travelling, make sure you know if there are diseases spread by insects – such as malaria and/or dengue fever – at your destination. Prevention of bites is critical and you may be advised to take a medication to prevent malaria.',1,8,1),(32,'Buy some insect repellent.','Answer is c) Before travelling, make sure you know if there are diseases spread by insects – such as malaria and/or dengue fever – at your destination. Prevention of bites is critical and you may be advised to take a medication to prevent malaria.',0,8,1),(33,'Always watch drinks being poured and keep them with you.','It always pays to be alert and watch your drinks being poured. Sometimes travellers have been robbed or assaulted after their drinks were spiked with drugs. This can go unnoticed as the drinks appear odourless and tasteless. Be wary of local spirits—at best these may have a high alcohol content—at worst they may contain methanol, glycol or other poisons causing blindness or death.',1,9,1),(34,'Try the local homebrew or moonshine.','It always pays to be alert and watch your drinks being poured. Sometimes travellers have been robbed or assaulted after their drinks were spiked with drugs. This can go unnoticed as the drinks appear odourless and tasteless. Be wary of local spirits—at best these may have a high alcohol content—at worst they may contain methanol, glycol or other poisons causing blindness or death.',0,9,1),(35,'Accept drinks from friendly locals.','It always pays to be alert and watch your drinks being poured. Sometimes travellers have been robbed or assaulted after their drinks were spiked with drugs. This can go unnoticed as the drinks appear odourless and tasteless. Be wary of local spirits—at best these may have a high alcohol content—at worst they may contain methanol, glycol or other poisons causing blindness or death.',0,9,1),(36,'Ask someone to watch your stuff when you need to use the toilet.','It always pays to be alert and watch your drinks being poured. Sometimes travellers have been robbed or assaulted after their drinks were spiked with drugs. This can go unnoticed as the drinks appear odourless and tasteless. Be wary of local spirits—at best these may have a high alcohol content—at worst they may contain methanol, glycol or other poisons causing blindness or death.',0,9,1),(37,'Not worry too much—weight is not a reliable indicator of your overall health.','When returning from any travel abroad, be aware of any symptoms that may be related to your trip. Weight loss could be normal or it may be due to a parasitic infection. Discuss any new symptoms with your doctor. Ignoring even minor complaints on return home may lead to unnecessary complications.',0,10,1),(38,'Review the weight loss with your doctor.','When returning from any travel abroad, be aware of any symptoms that may be related to your trip. Weight loss could be normal or it may be due to a parasitic infection. Discuss any new symptoms with your doctor. Ignoring even minor complaints on return home may lead to unnecessary complications.',1,10,1),(39,'Celebrate with a shopping spree. It\'s time to buy new clothes!','When returning from any travel abroad, be aware of any symptoms that may be related to your trip. Weight loss could be normal or it may be due to a parasitic infection. Discuss any new symptoms with your doctor. Ignoring even minor complaints on return home may lead to unnecessary complications.',0,10,1),(40,'Indulge in some chocolate and ice cream.','When returning from any travel abroad, be aware of any symptoms that may be related to your trip. Weight loss could be normal or it may be due to a parasitic infection. Discuss any new symptoms with your doctor. Ignoring even minor complaints on return home may lead to unnecessary complications.',0,10,1),(41,'Obtenez de la réflexologie ou un massage.','Obtenez un avis professionnel tôt avant tout voyage vers une nouvelle destination. Certains vaccins sont donnés dans les cours et prennent plusieurs mois pour être efficaces. Le vaccin contre la fièvre jaune peut être obligatoire pour entrer dans certains pays.\\n',0,11,2),(42,'Ne tenez pas compte des vaccinations—votre voyage est seulement pour une semaine.','Obtenez un avis professionnel tôt avant tout voyage vers une nouvelle destination. Certains vaccins sont donnés dans les cours et prennent plusieurs mois pour être efficaces. Le vaccin contre la fièvre jaune peut être obligatoire pour entrer dans certains pays.\\n',0,11,2),(43,'Demandez à un ami qui est dans le pays si c’est réellement un problème.','Obtenez un avis professionnel tôt avant tout voyage vers une nouvelle destination. Certains vaccins sont donnés dans les cours et prennent plusieurs mois pour être efficaces. Le vaccin contre la fièvre jaune peut être obligatoire pour entrer dans certains pays.\\n',0,11,2),(44,'Cherchez des conseils professionnels concernant vos besoins en vaccins.','Obtenez un avis professionnel tôt avant tout voyage vers une nouvelle destination. Certains vaccins sont donnés dans les cours et prennent plusieurs mois pour être efficaces. Le vaccin contre la fièvre jaune peut être obligatoire pour entrer dans certains pays.\\n',1,11,2),(45,'Pack lumière assez juste pour le voyage.','Ne soyez pas pris au dépourvu sans assez de médicaments. Vous ne savez jamais si votre voyage sera prolongé. S’appuyer sur les pharmacies locales peut être risqué, ils peuvent ne pas avoir votre prescription et ils peuvent même stocker des médicaments qui est un problème dans de nombreux pays.',0,12,2),(46,'C’est OK si je m’épuise; Je peux y aller quelques jours sans.','Ne soyez pas pris au dépourvu sans assez de médicaments. Vous ne savez jamais si votre voyage sera prolongé. S’appuyer sur les pharmacies locales peut être risqué, ils peuvent ne pas avoir votre prescription et ils peuvent même stocker des médicaments qui est un problème dans de nombreux pays.',0,12,2),(47,'Emballez le médicament dont j’ai besoin et apportez une copie de ma prescription.','Ne soyez pas pris au dépourvu sans assez de médicaments. Vous ne savez jamais si votre voyage sera prolongé. S’appuyer sur les pharmacies locales peut être risqué, ils peuvent ne pas avoir votre prescription et ils peuvent même stocker des médicaments qui est un problème dans de nombreux pays.',1,12,2),(48,'S’appuyer sur la pharmacie locale pour mes fournitures si je m’épuise.','Ne soyez pas pris au dépourvu sans assez de médicaments. Vous ne savez jamais si votre voyage sera prolongé. S’appuyer sur les pharmacies locales peut être risqué, ils peuvent ne pas avoir votre prescription et ils peuvent même stocker des médicaments qui est un problème dans de nombreux pays.',0,12,2),(49,'Un arrêt de porte/coin.','Un arrêt de porte est la serrure que vous n’avez jamais connue. Les effractions de chambres d’hôtel peuvent arriver aux voyageurs d’affaires les plus aguerris, même dans les pays à faible risque. Utilisé à l’intérieur d’une porte d’hôtel, un arrêt de porte rendra la porte beaucoup plus sûre. Il est léger et prend si peu de place; C’est l’un de nos moûts d’emballage. \\n',1,13,2),(50,'Une boussole.','Un arrêt de porte est la serrure que vous n’avez jamais connue. Les effractions de chambres d’hôtel peuvent arriver aux voyageurs d’affaires les plus aguerris, même dans les pays à faible risque. Utilisé à l’intérieur d’une porte d’hôtel, un arrêt de porte rendra la porte beaucoup plus sûre. Il est léger et prend si peu de place; C’est l’un de nos moûts d’emballage. \\n',0,13,2),(51,'Un tire—bouchon.','Un arrêt de porte est la serrure que vous n’avez jamais connue. Les effractions de chambres d’hôtel peuvent arriver aux voyageurs d’affaires les plus aguerris, même dans les pays à faible risque. Utilisé à l’intérieur d’une porte d’hôtel, un arrêt de porte rendra la porte beaucoup plus sûre. Il est léger et prend si peu de place; C’est l’un de nos moûts d’emballage. \\n',0,13,2),(52,'Un oreiller supplémentaire.','Un arrêt de porte est la serrure que vous n’avez jamais connue. Les effractions de chambres d’hôtel peuvent arriver aux voyageurs d’affaires les plus aguerris, même dans les pays à faible risque. Utilisé à l’intérieur d’une porte d’hôtel, un arrêt de porte rendra la porte beaucoup plus sûre. Il est léger et prend si peu de place; C’est l’un de nos moûts d’emballage. \\n',1,13,2),(53,'Suivez le conducteur jusqu’à sa voiture.','Dans certains pays, des voyageurs ont été volés ou kidnappés lorsque des criminels se font passer pour des chauffeurs à l\\ u2014aéroport. Il est essentiel d\\ u2014avoir des questions de confirmation prêtes à vous assurer que la personne avec le signe est vraiment votre chauffeur. Avant d\\ u2014entrer dans une voiture, votre chauffeur devrait être en mesure de répondre \\ u2014 \\ u201cQuel est mon nom complet? \\ u201d, \\ u201cQu\\ u2014est-ce que je vais? \\ u201d et \\ u201cQui dois-je travailler? \\ u201d. Ces vérifications vous aideront à voyager intelligemment.',0,14,2),(54,'Demandez au chauffeur de garder vos bagages pendant que vous obtenez de l’argent local.','Dans certains pays, des voyageurs ont été volés ou kidnappés lorsque des criminels se font passer pour des chauffeurs à l\\ u2014aéroport. Il est essentiel d\\ u2014avoir des questions de confirmation prêtes à vous assurer que la personne avec le signe est vraiment votre chauffeur. Avant d\\ u2014entrer dans une voiture, votre chauffeur devrait être en mesure de répondre \\ u2014 \\ u201cQuel est mon nom complet? \\ u201d, \\ u201cQu\\ u2014est-ce que je vais? \\ u201d et \\ u201cQui dois-je travailler? \\ u201d. Ces vérifications vous aideront à voyager intelligemment.',0,14,2),(55,'Posez-lui quelques questions pour vous assurer qu’il est légitime.','Dans certains pays, des voyageurs ont été volés ou kidnappés lorsque des criminels se font passer pour des chauffeurs à l\\ u2014aéroport. Il est essentiel d\\ u2014avoir des questions de confirmation prêtes à vous assurer que la personne avec le signe est vraiment votre chauffeur. Avant d\\ u2014entrer dans une voiture, votre chauffeur devrait être en mesure de répondre \\ u2014 \\ u201cQuel est mon nom complet? \\ u201d, \\ u201cQu\\ u2014est-ce que je vais? \\ u201d et \\ u201cQui dois-je travailler? \\ u201d. Ces vérifications vous aideront à voyager intelligemment.',1,14,2),(56,'Ask the driver to wait while you get a coffee.','Dans certains pays, des voyageurs ont été volés ou kidnappés lorsque des criminels se font passer pour des chauffeurs à l\\ u2014aéroport. Il est essentiel d\\ u2014avoir des questions de confirmation prêtes à vous assurer que la personne avec le signe est vraiment votre chauffeur. Avant d\\ u2014entrer dans une voiture, votre chauffeur devrait être en mesure de répondre \\ u2014 \\ u201cQuel est mon nom complet? \\ u201d, \\ u201cQu\\ u2014est-ce que je vais? \\ u201d et \\ u201cQui dois-je travailler? \\ u201d. Ces vérifications vous aideront à voyager intelligemment.',0,14,2),(57,'Rez-de-chaussée.','Choisir une chambre à l’arrière de l’hôtel, entre le 2ème et le 6ème étage, est votre meilleur choix. Un plancher trop haut peut être un problème dans un incendie. Les chambres au 1er ou au rez-de-chaussée sont plus susceptibles d\'être brisées. L’arrière de l’hôtel est normalement plus sûr en cas d’attaque, qui cible normalement le lobby.',0,15,2),(58,'Entre le 2ème et le 6ème étage, du côté opposé au lobby.','Choisir une chambre à l’arrière de l’hôtel, entre le 2ème et le 6ème étage, est votre meilleur choix. Un plancher trop haut peut être un problème dans un incendie. Les chambres au 1er ou au rez-de-chaussée sont plus susceptibles d\'être brisées. L’arrière de l’hôtel est normalement plus sûr en cas d’attaque, qui cible normalement le lobby.',1,15,2),(59,'Toute pièce sur le business \\ / étage exécutif.','Choisir une chambre à l’arrière de l’hôtel, entre le 2ème et le 6ème étage, est votre meilleur choix. Un plancher trop haut peut être un problème dans un incendie. Les chambres au 1er ou au rez-de-chaussée sont plus susceptibles d\'être brisées. L’arrière de l’hôtel est normalement plus sûr en cas d’attaque, qui cible normalement le lobby.',0,15,2),(60,'Au dernier étage.','Choisir une chambre à l’arrière de l’hôtel, entre le 2ème et le 6ème étage, est votre meilleur choix. Un plancher trop haut peut être un problème dans un incendie. Les chambres au 1er ou au rez-de-chaussée sont plus susceptibles d\'être brisées. L’arrière de l’hôtel est normalement plus sûr en cas d’attaque, qui cible normalement le lobby.',0,15,2),(61,'Réservez une voiture de location—être en contrôle est d’une importance primordiale!','Une voiture et un chauffeur ou un taxi organisé par votre hôtel est votre meilleur choix. Lorsque vous prenez un taxi, asseyez—vous à l’arrière, portez une ceinture de sécurité et demandez au conducteur de rester dans les limites de vitesse. Les motocyclettes et les tuk tuks peuvent être particulièrement dangereux. Ne marchez ou ne louez une voiture que si vous connaissez très bien les conditions locales.',0,16,2),(62,'Prenez un taxi moto local ou un tuk tuk.','Une voiture et un chauffeur ou un taxi organisé par votre hôtel est votre meilleur choix. Lorsque vous prenez un taxi, asseyez—vous à l’arrière, portez une ceinture de sécurité et demandez au conducteur de rester dans les limites de vitesse. Les motocyclettes et les tuk tuks peuvent être particulièrement dangereux. Ne marchez ou ne louez une voiture que si vous connaissez très bien les conditions locales.',0,16,2),(63,'Utilisez une voiture et un chauffeur ou un taxi organisé par l’hôtel.','Une voiture et un chauffeur ou un taxi organisé par votre hôtel est votre meilleur choix. Lorsque vous prenez un taxi, asseyez—vous à l’arrière, portez une ceinture de sécurité et demandez au conducteur de rester dans les limites de vitesse. Les motocyclettes et les tuk tuks peuvent être particulièrement dangereux. Ne marchez ou ne louez une voiture que si vous connaissez très bien les conditions locales.',1,16,2),(64,'Marcher jusqu\'à votre destination.','Une voiture et un chauffeur ou un taxi organisé par votre hôtel est votre meilleur choix. Lorsque vous prenez un taxi, asseyez—vous à l’arrière, portez une ceinture de sécurité et demandez au conducteur de rester dans les limites de vitesse. Les motocyclettes et les tuk tuks peuvent être particulièrement dangereux. Ne marchez ou ne louez une voiture que si vous connaissez très bien les conditions locales.',0,16,2),(65,'L\'eau du robinet','L’eau pétillante est le pari le plus sûr car il est difficile de truquer. Dans de nombreux pays, l’eau embouteillée est un commerce lucratif; les habitants peuvent essayer de contrefaire et de mettre en bouteille de l’eau du robinet non traitée. Si vous achetez de l’eau en bouteille, cherchez de l’eau auprès de fabricants renommés dans des contenants scellés. Alternativement, l’eau du robinet peut être consommée à condition qu’elle soit bouillie pendant une minute complète.',0,17,2),(66,'D’un ruisseau de montagne.','L’eau pétillante est le pari le plus sûr car il est difficile de truquer. Dans de nombreux pays, l’eau embouteillée est un commerce lucratif; les habitants peuvent essayer de contrefaire et de mettre en bouteille de l’eau du robinet non traitée. Si vous achetez de l’eau en bouteille, cherchez de l’eau auprès de fabricants renommés dans des contenants scellés. Alternativement, l’eau du robinet peut être consommée à condition qu’elle soit bouillie pendant une minute complète.',0,17,2),(67,'Eau pétillante.','L’eau pétillante est le pari le plus sûr car il est difficile de truquer. Dans de nombreux pays, l’eau embouteillée est un commerce lucratif; les habitants peuvent essayer de contrefaire et de mettre en bouteille de l’eau du robinet non traitée. Si vous achetez de l’eau en bouteille, cherchez de l’eau auprès de fabricants renommés dans des contenants scellés. Alternativement, l’eau du robinet peut être consommée à condition qu’elle soit bouillie pendant une minute complète.',1,17,2),(68,'Eau en bouteille.','L’eau pétillante est le pari le plus sûr car il est difficile de truquer. Dans de nombreux pays, l’eau embouteillée est un commerce lucratif; les habitants peuvent essayer de contrefaire et de mettre en bouteille de l’eau du robinet non traitée. Si vous achetez de l’eau en bouteille, cherchez de l’eau auprès de fabricants renommés dans des contenants scellés. Alternativement, l’eau du robinet peut être consommée à condition qu’elle soit bouillie pendant une minute complète.',0,17,2),(69,'Gratter et espérer demain soir est plus reposant.','La réponse est c) Avant de voyager, assurez-vous de savoir s’il y a des maladies propagées par des insectes tels que le paludisme et \\/ ou la dengue à votre destination. La prévention des piqûres est critique et il peut vous être conseillé de prendre un médicament pour prévenir le paludisme.',0,18,2),(70,'Courir à la pharmacie locale et obtenir une crème anti-démangeaisons.','La réponse est c) Avant de voyager, assurez-vous de savoir s’il y a des maladies propagées par des insectes tels que le paludisme et \\/ ou la dengue à votre destination. La prévention des piqûres est critique et il peut vous être conseillé de prendre un médicament pour prévenir le paludisme.',0,18,2),(71,'Connaître les moustiques dans cette zone peut provoquer des maladies, prévenir d\'autres morsures et rechercher des soins médicaux de qualité en cas de maladie.','La réponse est c) Avant de voyager, assurez-vous de savoir s’il y a des maladies propagées par des insectes tels que le paludisme et \\/ ou la dengue à votre destination. La prévention des piqûres est critique et il peut vous être conseillé de prendre un médicament pour prévenir le paludisme.',1,18,2),(72,'Achetez un insectifuge.','La réponse est c) Avant de voyager, assurez-vous de savoir s’il y a des maladies propagées par des insectes tels que le paludisme et \\/ ou la dengue à votre destination. La prévention des piqûres est critique et il peut vous être conseillé de prendre un médicament pour prévenir le paludisme.',0,18,2),(73,'Toujours regarder les boissons étant versé et gardez-les avec vous.','C’est toujours payant d’être vigilant et de regarder vos boissons être versé. Parfois, les voyageurs ont été volés ou agressés après que leurs boissons aient été dopées avec des drogues. Cela peut passer inaperçu car les boissons semblent inodores et insipides. Méfiez-vous des esprits locaux au mieux, ils peuvent avoir une forte teneur en alcool au pire, ils peuvent contenir du méthanol, glycol ou d’autres poisons causant la cécité ou la mort.\\n',1,19,2),(74,'Essayez l’omebrew local ou le moonshine.','C’est toujours payant d’être vigilant et de regarder vos boissons être versé. Parfois, les voyageurs ont été volés ou agressés après que leurs boissons aient été dopées avec des drogues. Cela peut passer inaperçu car les boissons semblent inodores et insipides. Méfiez-vous des esprits locaux au mieux, ils peuvent avoir une forte teneur en alcool au pire, ils peuvent contenir du méthanol, glycol ou d’autres poisons causant la cécité ou la mort.\\n',0,19,2),(75,'Accepter les boissons des habitants amicaux.','C’est toujours payant d’être vigilant et de regarder vos boissons être versé. Parfois, les voyageurs ont été volés ou agressés après que leurs boissons aient été dopées avec des drogues. Cela peut passer inaperçu car les boissons semblent inodores et insipides. Méfiez-vous des esprits locaux au mieux, ils peuvent avoir une forte teneur en alcool au pire, ils peuvent contenir du méthanol, glycol ou d’autres poisons causant la cécité ou la mort.\\n',0,19,2),(76,'Demandez à quelqu’un de regarder vos affaires quand vous devez utiliser les toilettes.','C’est toujours payant d’être vigilant et de regarder vos boissons être versé. Parfois, les voyageurs ont été volés ou agressés après que leurs boissons aient été dopées avec des drogues. Cela peut passer inaperçu car les boissons semblent inodores et insipides. Méfiez-vous des esprits locaux au mieux, ils peuvent avoir une forte teneur en alcool au pire, ils peuvent contenir du méthanol, glycol ou d’autres poisons causant la cécité ou la mort.\\n',0,19,2),(77,'Ne vous inquiétez pas trop Le poids n’est pas un indicateur fiable de votre état de santé général.','Lorsque vous revenez d’un voyage à l’étranger, soyez conscient de tout symptôme qui pourrait être lié à votre voyage. La perte de poids peut être normale ou peut être due à une infection parasitaire. Discutez de tout nouveau symptôme avec votre médecin. Ignorer même les plaintes mineures sur le retour à la maison peut entraîner des complications inutiles.',0,20,2),(78,'Passez en revue la perte de poids avec votre médecin.','Lorsque vous revenez d’un voyage à l’étranger, soyez conscient de tout symptôme qui pourrait être lié à votre voyage. La perte de poids peut être normale ou peut être due à une infection parasitaire. Discutez de tout nouveau symptôme avec votre médecin. Ignorer même les plaintes mineures sur le retour à la maison peut entraîner des complications inutiles.',1,20,2),(79,'Célébrez avec une séance de magasinage. Il est temps d’acheter de nouveaux vêtements!','Lorsque vous revenez d’un voyage à l’étranger, soyez conscient de tout symptôme qui pourrait être lié à votre voyage. La perte de poids peut être normale ou peut être due à une infection parasitaire. Discutez de tout nouveau symptôme avec votre médecin. Ignorer même les plaintes mineures sur le retour à la maison peut entraîner des complications inutiles.',0,20,2),(80,'Offrez-vous du chocolat et de la crème glacée.','Lorsque vous revenez d’un voyage à l’étranger, soyez conscient de tout symptôme qui pourrait être lié à votre voyage. La perte de poids peut être normale ou peut être due à une infection parasitaire. Discutez de tout nouveau symptôme avec votre médecin. Ignorer même les plaintes mineures sur le retour à la maison peut entraîner des complications inutiles.',0,20,2);

DROP TABLE IF EXISTS `country`;
CREATE TABLE `country` (
  `id` int(11) NOT NULL,
  `optkey` varchar(1000) DEFAULT NULL,
  `optvalue` varchar(1000) DEFAULT NULL,
  `site_id` int(11) DEFAULT NULL
);

INSERT INTO `country` VALUES (1,'Afghanistan','Afghanistan',NULL),(2,'Aland Islands','Aland Islands',NULL),(3,'Albania','Albania',NULL),(4,'Algeria','Algeria',NULL),(5,'American Samoa','American Samoa',NULL),(6,'Andorra','Andorra',NULL),(7,'Angola','Angola',NULL),(8,'Anguilla','Anguilla',NULL),(9,'Antarctica','Antarctica',NULL),(10,'Antigua and Barbuda','Antigua and Barbuda',NULL),(11,'Argentina','Argentina',NULL),(12,'Armenia','Armenia',NULL),(13,'Aruba','Aruba',NULL),(14,'Australia','Australia',NULL),(15,'Austria','Austria',NULL),(16,'Azerbaijan','Azerbaijan',NULL),(17,'Bahamas','Bahamas',NULL),(18,'Bahrain','Bahrain',NULL),(19,'Bangladesh','Bangladesh',NULL),(20,'Barbados','Barbados',NULL),(21,'Belarus','Belarus',NULL),(22,'Belgium','Belgium',NULL),(23,'Belize','Belize',NULL),(24,'Benin','Benin',NULL),(25,'Bermuda','Bermuda',NULL),(26,'Bhutan','Bhutan',NULL),(27,'Bolivia','Bolivia',NULL),(28,'Bonaire, Sint Eustatius and Saba','Bonaire, Sint Eustatius and Saba',NULL),(29,'Bosnia and Herzegovina','Bosnia and Herzegovina',NULL),(30,'Botswana','Botswana',NULL),(31,'Bouvet Island','Bouvet Island',NULL),(32,'Brazil','Brazil',NULL),(33,'British Antartic Territory','British Antartic Territory',NULL),(34,'British Indian Ocean Territory','British Indian Ocean Territory',NULL),(35,'British Virgin Islands','British Virgin Islands',NULL),(36,'Brunei Darussalam','Brunei Darussalam',NULL),(37,'Bulgaria','Bulgaria',NULL),(38,'Burkina Faso','Burkina Faso',NULL),(39,'Burundi','Burundi',NULL),(40,'Cambodia','Cambodia',NULL),(41,'Cameroon','Cameroon',NULL),(42,'Canada','Canada',NULL),(43,'Cape Verde','Cape Verde',NULL),(44,'Cayman Islands','Cayman Islands',NULL),(45,'Central African Republic','Central African Republic',NULL),(46,'Chad','Chad',NULL),(47,'Chile','Chile',NULL),(48,'China','China',NULL),(49,'Christmas Island','Christmas Island',NULL),(50,'Cocos (Keeling) Islands','Cocos (Keeling) Islands',NULL),(51,'Colombia','Colombia',NULL),(52,'Comoros','Comoros',NULL),(53,'Congo','Congo',NULL),(54,'Congo, Democratic Republic','Congo, Democratic Republic',NULL),(55,'Cook Islands','Cook Islands',NULL),(56,'Costa Rica','Costa Rica',NULL),(57,'Cote d\'Ivoire','Cote d\'Ivoire',NULL),(58,'Croatia','Croatia',NULL),(59,'Cuba','Cuba',NULL),(60,'Curacao','Curacao',NULL),(61,'Cyprus','Cyprus',NULL),(62,'Czech Republic','Czech Republic',NULL),(63,'Denmark','Denmark',NULL),(64,'Djibouti','Djibouti',NULL),(65,'Dominica','Dominica',NULL),(66,'Dominican Republic','Dominican Republic',NULL),(67,'East Timor','East Timor',NULL),(68,'Ecuador','Ecuador',NULL),(69,'Egypt','Egypt',NULL),(70,'El Salvador','El Salvador',NULL),(71,'Equatorial Guinea','Equatorial Guinea',NULL),(72,'Eritrea','Eritrea',NULL),(73,'Estonia','Estonia',NULL),(74,'Ethiopia','Ethiopia',NULL),(75,'Falkland Islands (Islas Malvinas)','Falkland Islands (Islas Malvinas)',NULL),(76,'Faroe Islands','Faroe Islands',NULL),(77,'Fiji','Fiji',NULL),(78,'Finland','Finland',NULL),(79,'France','France',NULL),(80,'French Guiana','French Guiana',NULL),(81,'French Polynesia','French Polynesia',NULL),(82,'French Southern and Antarctic Lands','French Southern and Antarctic Lands',NULL),(83,'Gabon','Gabon',NULL),(84,'Gambia','Gambia',NULL),(85,'Georgia','Georgia',NULL),(86,'Germany','Germany',NULL),(87,'Ghana','Ghana',NULL),(88,'Gibraltar','Gibraltar',NULL),(89,'Greece','Greece',NULL),(90,'Greenland','Greenland',NULL),(91,'Grenada','Grenada',NULL),(92,'Guadeloupe','Guadeloupe',NULL),(93,'Guam','Guam',NULL),(94,'Guatemala','Guatemala',NULL),(95,'Guernsey','Guernsey',NULL),(96,'Guinea','Guinea',NULL),(97,'Guinea-Bissau','Guinea-Bissau',NULL),(98,'Guyana','Guyana',NULL),(99,'Haiti','Haiti',NULL),(100,'Heard Island and McDonald Islands','Heard Island and McDonald Islands',NULL),(101,'Holy See (Vatican City)','Holy See (Vatican City)',NULL),(102,'Honduras','Honduras',NULL),(103,'Hong Kong, SAR','Hong Kong, SAR',NULL),(104,'Hungary','Hungary',NULL),(105,'Iceland','Iceland',NULL),(106,'India','India',NULL),(107,'Indonesia','Indonesia',NULL),(108,'Iran','Iran',NULL),(109,'Iraq','Iraq',NULL),(110,'Ireland','Ireland',NULL),(111,'Israel','Israel',NULL),(112,'Italy','Italy',NULL),(113,'Jamaica','Jamaica',NULL),(114,'Japan','Japan',NULL),(115,'Jersey','Jersey',NULL),(116,'Jordan','Jordan',NULL),(117,'Kazakhstan','Kazakhstan',NULL),(118,'Kenya','Kenya',NULL),(119,'Kerguelen Islands','Kerguelen Islands',NULL),(120,'Kiribati','Kiribati',NULL),(121,'Korea, North','Korea, North',NULL),(122,'Korea, South','Korea, South',NULL),(123,'Kosovo','Kosovo',NULL),(124,'Kuwait','Kuwait',NULL),(125,'Kyrgyzstan','Kyrgyzstan',NULL),(126,'Laos','Laos',NULL),(127,'Latvia','Latvia',NULL),(128,'Lebanon','Lebanon',NULL),(129,'Lesotho','Lesotho',NULL),(130,'Liberia','Liberia',NULL),(131,'Libya','Libya',NULL),(132,'Liechtenstein','Liechtenstein',NULL),(133,'Lithuania','Lithuania',NULL),(134,'Luxembourg','Luxembourg',NULL),(135,'Macao, SAR','Macao, SAR',NULL),(136,'Macedonia','Macedonia',NULL),(137,'Madagascar','Madagascar',NULL),(138,'Malawi','Malawi',NULL),(139,'Malaysia','Malaysia',NULL),(140,'Maldives','Maldives',NULL),(141,'Mali','Mali',NULL),(142,'Malta','Malta',NULL),(143,'Man, Isle of','Man, Isle of',NULL),(144,'Marshall Islands','Marshall Islands',NULL),(145,'Martinique','Martinique',NULL),(146,'Mauritania','Mauritania',NULL),(147,'Mauritius','Mauritius',NULL),(148,'Mayotte','Mayotte',NULL),(149,'Mexico','Mexico',NULL),(150,'Micronesia, Federated States','Micronesia, Federated States',NULL),(151,'Midway Islands','Midway Islands',NULL),(152,'Moldova','Moldova',NULL),(153,'Monaco','Monaco',NULL),(154,'Mongolia','Mongolia',NULL),(155,'Montenegro','Montenegro',NULL),(156,'Montserrat','Montserrat',NULL),(157,'Morocco','Morocco',NULL),(158,'Mozambique','Mozambique',NULL),(159,'Myanmar','Myanmar',NULL),(160,'Namibia','Namibia',NULL),(161,'Nauru','Nauru',NULL),(162,'Nepal','Nepal',NULL),(163,'Netherlands','Netherlands',NULL),(164,'Netherlands Antilles','Netherlands Antilles',NULL),(165,'New Caledonia','New Caledonia',NULL),(166,'New Zealand','New Zealand',NULL),(167,'Nicaragua','Nicaragua',NULL),(168,'Niger','Niger',NULL),(169,'Nigeria','Nigeria',NULL),(170,'Niue','Niue',NULL),(171,'Norfolk Island','Norfolk Island',NULL),(172,'Northern Ireland','Northern Ireland',NULL),(173,'Northern Mariana Islands','Northern Mariana Islands',NULL),(174,'Norway','Norway',NULL),(175,'No Specific Country','No Specific Country',NULL),(176,'Oman','Oman',NULL),(177,'Pakistan','Pakistan',NULL),(178,'Palau','Palau',NULL),(179,'Panama','Panama',NULL),(180,'Papua New Guinea','Papua New Guinea',NULL),(181,'Paraguay','Paraguay',NULL),(182,'Peru','Peru',NULL),(183,'Philippines','Philippines',NULL),(184,'Pitcairn Islands','Pitcairn Islands',NULL),(185,'Poland','Poland',NULL),(186,'Portugal','Portugal',NULL),(187,'Puerto Rico','Puerto Rico',NULL),(188,'Qatar','Qatar',NULL),(189,'Reunion','Reunion',NULL),(190,'Romania','Romania',NULL),(191,'Russia','Russia',NULL),(192,'Rwanda','Rwanda',NULL),(193,'Saint Barthelemy','Saint Barthelemy',NULL),(194,'Saint Helena','Saint Helena',NULL),(195,'Saint Kitts and Nevis','Saint Kitts and Nevis',NULL),(196,'Saint Lucia','Saint Lucia',NULL),(197,'Saint Martin (French Part)','Saint Martin (French Part)',NULL),(198,'Saint Pierre and Miquelon','Saint Pierre and Miquelon',NULL),(199,'Saint Vincent and the Grenadines','Saint Vincent and the Grenadines',NULL),(200,'Samoa','Samoa',NULL),(201,'San Marino','San Marino',NULL),(202,'Sao Tome and Principe','Sao Tome and Principe',NULL),(203,'Saudi Arabia','Saudi Arabia',NULL),(204,'Scotland','Scotland',NULL),(205,'Senegal','Senegal',NULL),(206,'Serbia','Serbia',NULL),(207,'Seychelles','Seychelles',NULL),(208,'Sierra Leone','Sierra Leone',NULL),(209,'Singapore','Singapore',NULL),(210,'Sint Maarten (Dutch Part)','Sint Maarten (Dutch Part)',NULL),(211,'Slovakia','Slovakia',NULL),(212,'Slovenia','Slovenia',NULL),(213,'Solomon Islands','Solomon Islands',NULL),(214,'Somalia','Somalia',NULL),(215,'South Africa','South Africa',NULL),(216,'South Georgia and the South Sandwich Islands','South Georgia and the South Sandwich Islands',NULL),(217,'Spain','Spain',NULL),(218,'Sri Lanka','Sri Lanka',NULL),(219,'Sudan','Sudan',NULL),(220,'Suriname','Suriname',NULL),(221,'Svalbard','Svalbard',NULL),(222,'Swaziland','Swaziland',NULL),(223,'Sweden','Sweden',NULL),(224,'Switzerland','Switzerland',NULL),(225,'Syrian Arab Republic','Syrian Arab Republic',NULL),(226,'Taiwan, ROC','Taiwan, ROC',NULL),(227,'Tajikistan','Tajikistan',NULL),(228,'Tanzania','Tanzania',NULL),(229,'Thailand','Thailand',NULL),(230,'Togo','Togo',NULL),(231,'Tokelau','Tokelau',NULL),(232,'Tonga','Tonga',NULL),(233,'Trinidad and Tobago','Trinidad and Tobago',NULL),(234,'Tunisia','Tunisia',NULL),(235,'Turkey','Turkey',NULL),(236,'Turkmenistan','Turkmenistan',NULL),(237,'Turks and Caicos Islands','Turks and Caicos Islands',NULL),(238,'Tuvalu','Tuvalu',NULL),(239,'Uganda','Uganda',NULL),(240,'Ukraine','Ukraine',NULL),(241,'United Arab Emirates','United Arab Emirates',NULL),(242,'United Kingdom','United Kingdom',NULL),(243,'United States','United States',NULL),(244,'Uruguay','Uruguay',NULL),(245,'US Virgin Islands','US Virgin Islands',NULL),(246,'Uzbekistan','Uzbekistan',NULL),(247,'Vanuatu','Vanuatu',NULL),(248,'Venezuela','Venezuela',NULL),(249,'Vietnam','Vietnam',NULL),(250,'Wales','Wales',NULL),(251,'Wallis and Futuna','Wallis and Futuna',NULL),(252,'West Bank-Gaza Strip (Palestine)','West Bank-Gaza Strip (Palestine)',NULL),(253,'Western Sahara','Western Sahara',NULL),(254,'Yemen','Yemen',NULL),(255,'Zambia','Zambia',NULL),(256,'Zimbabwe','Zimbabwe',NULL);

DROP TABLE IF EXISTS `users`;
CREATE TABLE `users` (
  `id` int(11) NOT NULL AUTO_INCREMENT,
  `created_at` datetime NOT NULL,
  `created_by` int(11) DEFAULT NULL,
  `updated_at` datetime DEFAULT NULL,
  `updated_by` int(11) DEFAULT NULL,
  `entity_status` varchar(32) NOT NULL,
  `version` int(11) NOT NULL,
  `email` varchar(255) DEFAULT NULL,
  `password_hash` varchar(64) DEFAULT NULL,
  `user_name` varchar(32) DEFAULT NULL,
  PRIMARY KEY (`id`),
  UNIQUE KEY `idx_users_user_name` (`user_name`),
  KEY `created_by` (`created_by`),
  KEY `updated_by` (`updated_by`),
  KEY `idx_users_email` (`email`),
  CONSTRAINT `users_ibfk_1` FOREIGN KEY (`created_by`) REFERENCES `users` (`id`),
  CONSTRAINT `users_ibfk_2` FOREIGN KEY (`updated_by`) REFERENCES `users` (`id`)
);
INSERT INTO `users` VALUES (1,'2018-04-03 14:23:08',1,'2018-04-03 14:23:08',NULL,'ACTIVE',1,'test@test.com','$2a$10$dhdga.ox0d.msPKTzNDdzuJQdMcozRYqTNET0FGBqAtfmiro3sy3.','test'),(2,'2018-04-03 14:23:08',1,'2018-04-03 14:23:08',NULL,'ACTIVE',1,'test@test.com','$2a$10$dhdga.ox0d.msPKTzNDdzuJQdMcozRYqTNET0FGBqAtfmiro3sy3.','admin');



DROP TABLE IF EXISTS `roles`;
CREATE TABLE `roles` (
  `id` int(11) NOT NULL AUTO_INCREMENT,
  `created_at` datetime NOT NULL,
  `created_by` int(11) DEFAULT NULL,
  `updated_at` datetime DEFAULT NULL,
  `updated_by` int(11) DEFAULT NULL,
  `entity_status` varchar(32) NOT NULL,
  `version` int(11) NOT NULL,
  `role_name` varchar(32) NOT NULL,
  PRIMARY KEY (`id`),
  UNIQUE KEY `idx_roles_role_name` (`role_name`),
  KEY `created_by` (`created_by`),
  CONSTRAINT `roles_ibfk_1` FOREIGN KEY (`created_by`) REFERENCES `users` (`id`)
);

INSERT INTO `roles` VALUES (7,'2018-04-03 14:23:40',NULL,NULL,NULL,'ACTIVE',1,'ROLE_USER'),(8,'2018-04-03 14:23:40',NULL,NULL,NULL,'ACTIVE',1,'ROLE_ADMIN');


DROP TABLE IF EXISTS `user_roles`;
CREATE TABLE `user_roles` (
  `user_id` int(11) NOT NULL,
  `role_id` int(11) NOT NULL,
  PRIMARY KEY (`user_id`,`role_id`),
  KEY `role_id` (`role_id`),
  CONSTRAINT `user_roles_ibfk_1` FOREIGN KEY (`user_id`) REFERENCES `users` (`id`),
  CONSTRAINT `user_roles_ibfk_2` FOREIGN KEY (`role_id`) REFERENCES `roles` (`id`)
);

INSERT INTO `user_roles` VALUES (1,7),(2,7),(2,8);


delimiter //
create procedure `load_scores`(in user_id int)
begin
(select name,score, find_in_set( score,( select group_concat(score order by score desc)from leaderboard ) )  as rankof from leaderboard order by rankof limit 5) union
(select name,score, find_in_set( score,( select group_concat(score order by score desc)from leaderboard ) )  as rankof from leaderboard where id=user_id order by rankof) ;
end //

delimiter //
create procedure load_leaderboard ()
begin
select name,score, find_in_set( score,( select group_concat(score order by score desc)from leaderboard ) )  as rankof from leaderboard order by rankof limit 10;
end //
